440	e1d31159-900b-4085-a886-182269116087	cpu-usage	t	2025-09-19 13:06:48.563366	2025-09-19 13:06:48.563366
441	e1d31159-900b-4085-a886-182269116087	system-health	f	2025-09-19 13:06:48.563366	2025-09-19 13:06:48.563366
442	e1d31159-900b-4085-a886-182269116087	memory-usage	t	2025-09-19 13:06:48.563366	2025-09-19 13:06:48.563366
443	e1d31159-900b-4085-a886-182269116087	disk-usage	t	2025-09-19 13:06:48.563366	2025-09-19 13:06:48.563366
444	e1d31159-900b-4085-a886-182269116087	network-usage	f	2025-09-19 13:06:48.563366	2025-09-19 13:06:48.563366
445	e1d31159-900b-4085-a886-182269116087	database-size	t	2025-09-19 13:06:48.563366	2025-09-19 13:06:48.563366
446	e1d31159-900b-4085-a886-182269116087	container-status	t	2025-09-19 13:06:48.563366	2025-09-19 13:06:48.563366
447	e1d31159-900b-4085-a886-182269116087	user-count	f	2025-09-19 13:06:48.563366	2025-09-19 13:06:48.563366
448	e1d31159-900b-4085-a886-182269116087	uptime	f	2025-09-19 13:06:48.563366	2025-09-19 13:06:48.563366
449	e1d31159-900b-4085-a886-182269116087	amd-stock	t	2025-09-19 13:06:48.563366	2025-09-19 13:06:48.563366
450	e1d31159-900b-4085-a886-182269116087	lahti-weather	t	2025-09-19 13:06:48.563366	2025-09-19 13:06:48.563366
451	e1d31159-900b-4085-a886-182269116087	mikkeli-weather	t	2025-09-19 13:06:48.563366	2025-09-19 13:06:48.563366
452	e1d31159-900b-4085-a886-182269116087	rauma-weather	t	2025-09-19 13:06:48.563366	2025-09-19 13:06:48.563366
453	e1d31159-900b-4085-a886-182269116087	il-belt-valletta-weather	t	2025-09-19 13:06:48.563366	2025-09-19 13:06:48.563366
924	b00abbd0-bad9-414b-ab87-c46b422f3780	cpu-usage	t	2025-10-05 19:44:29.778083	2025-10-05 19:44:29.778083
925	b00abbd0-bad9-414b-ab87-c46b422f3780	system-health	f	2025-10-05 19:44:29.778083	2025-10-05 19:44:29.778083
926	b00abbd0-bad9-414b-ab87-c46b422f3780	memory-usage	t	2025-10-05 19:44:29.778083	2025-10-05 19:44:29.778083
927	b00abbd0-bad9-414b-ab87-c46b422f3780	disk-usage	f	2025-10-05 19:44:29.778083	2025-10-05 19:44:29.778083
928	b00abbd0-bad9-414b-ab87-c46b422f3780	network-usage	f	2025-10-05 19:44:29.778083	2025-10-05 19:44:29.778083
929	b00abbd0-bad9-414b-ab87-c46b422f3780	database-size	t	2025-10-05 19:44:29.778083	2025-10-05 19:44:29.778083
930	b00abbd0-bad9-414b-ab87-c46b422f3780	container-status	t	2025-10-05 19:44:29.778083	2025-10-05 19:44:29.778083
931	b00abbd0-bad9-414b-ab87-c46b422f3780	user-count	f	2025-10-05 19:44:29.778083	2025-10-05 19:44:29.778083
932	b00abbd0-bad9-414b-ab87-c46b422f3780	uptime	f	2025-10-05 19:44:29.778083	2025-10-05 19:44:29.778083
933	b00abbd0-bad9-414b-ab87-c46b422f3780	^ixic-stock	t	2025-10-05 19:44:29.778083	2025-10-05 19:44:29.778083
934	b00abbd0-bad9-414b-ab87-c46b422f3780	amd-stock	t	2025-10-05 19:44:29.778083	2025-10-05 19:44:29.778083
935	b00abbd0-bad9-414b-ab87-c46b422f3780	grindelwald-weather	f	2025-10-05 19:44:29.778083	2025-10-05 19:44:29.778083
936	b00abbd0-bad9-414b-ab87-c46b422f3780	il-belt-valletta-weather	t	2025-10-05 19:44:29.778083	2025-10-05 19:44:29.778083
937	b00abbd0-bad9-414b-ab87-c46b422f3780	lahti-weather	t	2025-10-05 19:44:29.778083	2025-10-05 19:44:29.778083
938	b00abbd0-bad9-414b-ab87-c46b422f3780	mikkeli-weather	t	2025-10-05 19:44:29.778083	2025-10-05 19:44:29.778083
939	b00abbd0-bad9-414b-ab87-c46b422f3780	rauma-weather	t	2025-10-05 19:44:29.778083	2025-10-05 19:44:29.778083
